exp,fmt,dist,policy,differs_pct,max_ulp,mean_ulp
block,e4m3,gauss,trunc16,99.9,360470,1692.7305
block,e4m3,gauss,trunc20,93.6,98304,122.8525
block,e4m3,gauss,trunc24,28.45,396,3.2315
block,e4m3,gauss,trunc25,15.95,140,1.215
block,e4m3,gauss,trunc26,8.4,56,0.4945
block,e4m3,gauss,trunc28,2.55,22,0.0915
block,e4m3,gauss,trunc32,0.1,6,0.004
block,e4m3,t3,trunc16,99.5,1990656,3183.1015
block,e4m3,t3,trunc20,94.8,106496,150.6305
block,e4m3,t3,trunc24,32.0,8192,8.6215
block,e4m3,t3,trunc25,17.45,224,1.7635
block,e4m3,t3,trunc26,9.55,96,0.74
block,e4m3,t3,trunc28,2.3,26,0.101
block,e4m3,t3,trunc32,0.0,0,0.0
block,e4m3,outlier,trunc16,99.75,539392,2378.302
block,e4m3,outlier,trunc20,95.05,15104,95.614
block,e4m3,outlier,trunc24,31.5,2816,6.6225
block,e4m3,outlier,trunc25,15.95,768,2.2015
block,e4m3,outlier,trunc26,8.0,768,1.4175
block,e4m3,outlier,trunc28,2.2,25,0.088
block,e4m3,outlier,trunc32,0.2,1,0.002
block,e5m2,gauss,trunc16,99.7,938614016,471356.496
block,e5m2,gauss,trunc20,94.4,1187072,702.431
block,e5m2,gauss,trunc24,32.4,7424,9.423
block,e5m2,gauss,trunc25,18.9,7424,5.9945
block,e5m2,gauss,trunc26,9.85,7424,4.544
block,e5m2,gauss,trunc28,2.35,7424,3.8355
block,e5m2,gauss,trunc32,0.15,256,0.1295
block,e5m2,t3,trunc16,99.85,522812,2145.185
block,e5m2,t3,trunc20,94.1,64060,130.533
block,e5m2,t3,trunc24,31.25,5064,8.0745
block,e5m2,t3,trunc25,17.15,968,2.753
block,e5m2,t3,trunc26,8.75,968,1.401
block,e5m2,t3,trunc28,1.9,456,0.333
block,e5m2,t3,trunc32,0.35,12,0.014
block,e5m2,outlier,trunc16,99.85,1413472,3677.553
block,e5m2,outlier,trunc20,94.25,102752,254.871
block,e5m2,outlier,trunc24,30.1,4448,8.4205
block,e5m2,outlier,trunc25,15.65,1204,3.2655
block,e5m2,outlier,trunc26,7.8,496,1.1795
block,e5m2,outlier,trunc28,2.2,352,0.513
block,e5m2,outlier,trunc32,0.2,4,0.007
block,e3m2,gauss,trunc16,99.7,465920,2155.126
block,e3m2,gauss,trunc20,93.6,31588,159.804
block,e3m2,gauss,trunc24,30.4,1024,5.786
block,e3m2,gauss,trunc25,17.65,896,2.8495
block,e3m2,gauss,trunc26,9.15,432,1.3925
block,e3m2,gauss,trunc28,2.15,100,0.1655
block,e3m2,gauss,trunc32,0.2,4,0.0035
block,e3m2,t3,trunc16,99.55,961006592,483041.4
block,e3m2,t3,trunc20,94.35,510976,392.36
block,e3m2,t3,trunc24,31.8,52224,32.813
block,e3m2,t3,trunc25,17.35,19456,12.6105
block,e3m2,t3,trunc26,9.5,3072,2.6005
block,e3m2,t3,trunc28,2.55,3072,1.628
block,e3m2,t3,trunc32,0.1,3,0.0025
block,e3m2,outlier,trunc16,99.55,1376256,2394.497
block,e3m2,outlier,trunc20,95.45,65536,130.848
block,e3m2,outlier,trunc24,30.0,960,3.574
block,e3m2,outlier,trunc25,15.75,448,1.5715
block,e3m2,outlier,trunc26,7.95,192,0.7155
block,e3m2,outlier,trunc28,1.9,46,0.077
block,e3m2,outlier,trunc32,0.2,2,0.003
block,e2m3,gauss,trunc16,99.65,522496,1900.6455
block,e2m3,gauss,trunc20,94.3,88704,171.1255
block,e2m3,gauss,trunc24,29.5,6784,8.05
block,e2m3,gauss,trunc25,16.3,2688,2.9745
block,e2m3,gauss,trunc26,8.3,640,1.133
block,e2m3,gauss,trunc28,1.9,128,0.205
block,e2m3,gauss,trunc32,0.1,4,0.0025
block,e2m3,t3,trunc16,99.3,839100,3045.8685
block,e2m3,t3,trunc20,94.5,52668,175.8105
block,e2m3,t3,trunc24,34.75,3516,9.769
block,e2m3,t3,trunc25,19.1,1468,4.449
block,e2m3,t3,trunc26,10.0,444,1.454
block,e2m3,t3,trunc28,2.6,188,0.277
block,e2m3,t3,trunc32,0.1,12,0.0065
block,e2m3,outlier,trunc16,99.55,746368,2304.383
block,e2m3,outlier,trunc20,95.5,96960,164.851
block,e2m3,outlier,trunc24,36.3,6848,10.302
block,e2m3,outlier,trunc25,21.65,2752,4.413
block,e2m3,outlier,trunc26,12.2,896,1.958
block,e2m3,outlier,trunc28,3.4,192,0.291
block,e2m3,outlier,trunc32,0.05,1,0.0005
block,e2m1,gauss,trunc16,99.2,896000,2171.4365
block,e2m1,gauss,trunc20,93.85,44032,129.2025
block,e2m1,gauss,trunc24,31.9,3968,8.341
block,e2m1,gauss,trunc25,18.5,1920,3.05
block,e2m1,gauss,trunc26,10.1,896,1.103
block,e2m1,gauss,trunc28,1.85,128,0.1065
block,e2m1,gauss,trunc32,0.0,0,0.0
block,e2m1,t3,trunc16,99.05,221632,1372.3625
block,e2m1,t3,trunc20,94.0,62464,112.4605
block,e2m1,t3,trunc24,36.85,1024,4.136
block,e2m1,t3,trunc25,21.55,1024,2.081
block,e2m1,t3,trunc26,11.35,192,0.561
block,e2m1,t3,trunc28,2.25,16,0.0475
block,e2m1,t3,trunc32,0.0,0,0.0
block,e2m1,outlier,trunc16,94.0,7405568,6701.322
block,e2m1,outlier,trunc20,89.4,65536,164.9
block,e2m1,outlier,trunc24,35.85,3072,6.8915
block,e2m1,outlier,trunc25,20.2,2560,3.7695
block,e2m1,outlier,trunc26,9.05,512,1.033
block,e2m1,outlier,trunc28,2.1,26,0.0745
block,e2m1,outlier,trunc32,0.0,0,0.0
block,int8,gauss,trunc16,99.9,978758016,993549.9245
block,int8,gauss,trunc20,98.65,436608,1353.9885
block,int8,gauss,trunc24,79.1,59040,140.4105
block,int8,gauss,trunc25,63.5,26272,56.9215
block,int8,gauss,trunc26,43.2,10624,27.076
block,int8,gauss,trunc28,15.3,2432,4.6365
block,int8,gauss,trunc32,1.45,160,0.203
block,int8,t3,trunc16,100.0,1833120,16785.5445
block,int8,t3,trunc20,99.15,231296,1239.9165
block,int8,t3,trunc24,86.2,6952,73.2555
block,int8,t3,trunc25,74.85,2856,33.9275
block,int8,t3,trunc26,57.35,1920,16.37
block,int8,t3,trunc28,24.45,1920,3.6825
block,int8,t3,trunc32,1.6,12,0.062
block,int8,outlier,trunc16,99.95,1053012800,1039829.691
block,int8,outlier,trunc20,99.3,837832,2096.527
block,int8,outlier,trunc24,84.55,111424,175.699
block,int8,outlier,trunc25,70.55,45888,83.722
block,int8,outlier,trunc26,55.0,13120,29.815
block,int8,outlier,trunc28,26.25,4928,7.9115
block,int8,outlier,trunc32,3.0,320,0.401
