exp,fmt,dist,policy,median_rel_err,p99_rel_err,max_rel_err
chain4096,e4m3,gauss,exact,6.719267928003739e-08,1.8405363404697743e-06,3.070517505020296e-06
chain4096,e4m3,gauss,trunc16,0.0001374900251479978,0.00497824179289508,0.007719281007621024
chain4096,e4m3,gauss,trunc20,3.3510993464526247e-06,5.7056626554563004e-05,0.00019037208531125837
chain4096,e4m3,gauss,trunc24,6.487832344659716e-08,1.4315282648098245e-06,2.1493622535142074e-05
chain4096,e4m3,gauss,trunc25,6.782982944221962e-08,1.4315282648098245e-06,3.070517505020296e-06
chain4096,e4m3,gauss,trunc26,6.598007195891302e-08,1.8405363404697743e-06,3.070517505020296e-06
chain4096,e4m3,gauss,trunc28,6.719267928003739e-08,1.8405363404697743e-06,3.070517505020296e-06
chain4096,e4m3,gauss,trunc32,6.719267928003739e-08,1.8405363404697743e-06,3.070517505020296e-06
chain4096,e4m3,t3,exact,9.930484285662783e-08,4.690052470863951e-06,1.0821728774662632e-05
chain4096,e4m3,t3,trunc16,0.000209015298815789,0.009113599623557182,0.012344101651640172
chain4096,e4m3,t3,trunc20,5.350531431399312e-06,0.00023423806476769764,0.0002943909858634603
chain4096,e4m3,t3,trunc24,1.224356615854406e-07,1.918234201476401e-06,1.1519904824640866e-05
chain4096,e4m3,t3,trunc25,8.88138199246986e-08,4.690052470863951e-06,1.0821728774662632e-05
chain4096,e4m3,t3,trunc26,1.0030831469654634e-07,4.690052470863951e-06,1.0821728774662632e-05
chain4096,e4m3,t3,trunc28,9.82687743539295e-08,4.690052470863951e-06,1.0821728774662632e-05
chain4096,e4m3,t3,trunc32,9.930484285662783e-08,4.690052470863951e-06,1.0821728774662632e-05
chain4096,e4m3,outlier,exact,1.2454562969219698e-07,1.286373827952646e-06,1.907053193858526e-06
chain4096,e4m3,outlier,trunc16,0.00033843124792369355,0.0029283165886571237,0.007779362038248175
chain4096,e4m3,outlier,trunc20,7.393133120571923e-06,0.00011972056161445191,0.00013930846048757962
chain4096,e4m3,outlier,trunc24,1.8656515019956683e-07,3.602211588399438e-06,4.6022526691691085e-06
chain4096,e4m3,outlier,trunc25,1.4360425286259899e-07,1.367698579637632e-06,1.5864420463688738e-06
chain4096,e4m3,outlier,trunc26,1.4047681546825542e-07,1.907053193858526e-06,2.288376614150524e-06
chain4096,e4m3,outlier,trunc28,1.3464337317305248e-07,1.286373827952646e-06,1.907053193858526e-06
chain4096,e4m3,outlier,trunc32,1.2454562969219698e-07,1.286373827952646e-06,1.907053193858526e-06
chain4096,e5m2,gauss,exact,2.3995263968524592e-08,5.245177976756518e-07,8.457850002446735e-07
chain4096,e5m2,gauss,trunc16,8.234446355582943e-05,0.0016111640063997846,0.002292838818400067
chain4096,e5m2,gauss,trunc20,2.292492780127513e-06,2.9446861735766297e-05,3.265343208866969e-05
chain4096,e5m2,gauss,trunc24,2.1554265929616685e-08,5.245177976756518e-07,8.457850002446735e-07
chain4096,e5m2,gauss,trunc25,2.261691238747535e-08,5.245177976756518e-07,8.457850002446735e-07
chain4096,e5m2,gauss,trunc26,2.4321929945256762e-08,5.245177976756518e-07,8.457850002446735e-07
chain4096,e5m2,gauss,trunc28,2.3995263968524592e-08,5.245177976756518e-07,8.457850002446735e-07
chain4096,e5m2,gauss,trunc32,2.3995263968524592e-08,5.245177976756518e-07,8.457850002446735e-07
chain4096,e5m2,t3,exact,5.203039582351971e-08,2.964017714155467e-07,8.739030232992874e-07
chain4096,e5m2,t3,trunc16,0.00013178250317605453,0.002498932970261684,0.0033296251834090875
chain4096,e5m2,t3,trunc20,2.906968634105497e-06,5.954680392489531e-05,6.846880919699128e-05
chain4096,e5m2,t3,trunc24,5.459233507918118e-08,6.275376614486313e-07,2.0748123999088268e-06
chain4096,e5m2,t3,trunc25,5.459233507918118e-08,2.964017714155467e-07,8.739030232992874e-07
chain4096,e5m2,t3,trunc26,5.377805725483937e-08,2.964017714155467e-07,8.739030232992874e-07
chain4096,e5m2,t3,trunc28,4.99504210637437e-08,2.964017714155467e-07,8.739030232992874e-07
chain4096,e5m2,t3,trunc32,5.203039582351971e-08,2.964017714155467e-07,8.739030232992874e-07
chain4096,e5m2,outlier,exact,7.366969298598613e-08,1.606063676324178e-06,2.13332711040364e-06
chain4096,e5m2,outlier,trunc16,0.00022226681475394743,0.00447435513277856,0.007058444828039275
chain4096,e5m2,outlier,trunc20,5.882805973987376e-06,0.00010168549829662423,0.00021877494945345466
chain4096,e5m2,outlier,trunc24,1.0196234871201244e-07,1.824951622105732e-06,2.306130879692073e-06
chain4096,e5m2,outlier,trunc25,8.797506690071909e-08,2.13332711040364e-06,4.766003818030285e-06
chain4096,e5m2,outlier,trunc26,6.71672394531124e-08,1.606063676324178e-06,2.13332711040364e-06
chain4096,e5m2,outlier,trunc28,7.058939275306785e-08,1.606063676324178e-06,2.13332711040364e-06
chain4096,e5m2,outlier,trunc32,7.366969298598613e-08,1.606063676324178e-06,2.13332711040364e-06
chain4096,e3m2,gauss,exact,0.0,0.0,0.0
chain4096,e3m2,gauss,trunc16,7.683766910059724e-05,0.0062619112442145386,0.014704505010770816
chain4096,e3m2,gauss,trunc20,7.63113880552922e-07,2.392401732098854e-05,9.365926758452749e-05
chain4096,e3m2,gauss,trunc24,0.0,0.0,0.0
chain4096,e3m2,gauss,trunc25,0.0,0.0,0.0
chain4096,e3m2,gauss,trunc26,0.0,0.0,0.0
chain4096,e3m2,gauss,trunc28,0.0,0.0,0.0
chain4096,e3m2,gauss,trunc32,0.0,0.0,0.0
chain4096,e3m2,t3,exact,0.0,0.0,0.0
chain4096,e3m2,t3,trunc16,0.00011540190751720902,0.005743549620356705,0.3354632587859425
chain4096,e3m2,t3,trunc20,1.11652275530583e-06,7.954500258521259e-05,0.003194888178913738
chain4096,e3m2,t3,trunc24,0.0,0.0,0.0
chain4096,e3m2,t3,trunc25,0.0,0.0,0.0
chain4096,e3m2,t3,trunc26,0.0,0.0,0.0
chain4096,e3m2,t3,trunc28,0.0,0.0,0.0
chain4096,e3m2,t3,trunc32,0.0,0.0,0.0
chain4096,e3m2,outlier,exact,0.0,1.7644971527191695e-07,1.8958183366203662e-07
chain4096,e3m2,outlier,trunc16,0.0002017152895041176,0.002158709123005006,0.002965431540894713
chain4096,e3m2,outlier,trunc20,2.8969673767214304e-06,5.118726005971847e-05,7.060551287844554e-05
chain4096,e3m2,outlier,trunc24,0.0,3.95121360133124e-07,7.630315761586888e-07
chain4096,e3m2,outlier,trunc25,0.0,1.8958183366203662e-07,8.64769119646514e-07
chain4096,e3m2,outlier,trunc26,0.0,1.8958183366203662e-07,4.817571912217603e-07
chain4096,e3m2,outlier,trunc28,0.0,1.7644971527191695e-07,1.8958183366203662e-07
chain4096,e3m2,outlier,trunc32,0.0,1.7644971527191695e-07,1.8958183366203662e-07
chain4096,e2m3,gauss,exact,0.0,0.0,0.0
chain4096,e2m3,gauss,trunc16,0.0,0.0012033694344163659,0.0027397260273972603
chain4096,e2m3,gauss,trunc20,0.0,0.0,0.0
chain4096,e2m3,gauss,trunc24,0.0,0.0,0.0
chain4096,e2m3,gauss,trunc25,0.0,0.0,0.0
chain4096,e2m3,gauss,trunc26,0.0,0.0,0.0
chain4096,e2m3,gauss,trunc28,0.0,0.0,0.0
chain4096,e2m3,gauss,trunc32,0.0,0.0,0.0
chain4096,e2m3,t3,exact,0.0,0.0,0.0
chain4096,e2m3,t3,trunc16,0.0,0.0010658708164570454,0.0021629416005767843
chain4096,e2m3,t3,trunc20,0.0,0.0,0.0
chain4096,e2m3,t3,trunc24,0.0,0.0,0.0
chain4096,e2m3,t3,trunc25,0.0,0.0,0.0
chain4096,e2m3,t3,trunc26,0.0,0.0,0.0
chain4096,e2m3,t3,trunc28,0.0,0.0,0.0
chain4096,e2m3,t3,trunc32,0.0,0.0,0.0
chain4096,e2m3,outlier,exact,0.0,0.0,4.880649809715666e-08
chain4096,e2m3,outlier,trunc16,0.00017800811729991295,0.022071307300509338,0.03361344537815126
chain4096,e2m3,outlier,trunc20,2.393544763568101e-06,0.0010390381475434169,0.001697792869269949
chain4096,e2m3,outlier,trunc24,0.0,0.0,4.880649809715666e-08
chain4096,e2m3,outlier,trunc25,0.0,0.0,4.880649809715666e-08
chain4096,e2m3,outlier,trunc26,0.0,0.0,4.880649809715666e-08
chain4096,e2m3,outlier,trunc28,0.0,0.0,4.880649809715666e-08
chain4096,e2m3,outlier,trunc32,0.0,0.0,4.880649809715666e-08
chain4096,e2m1,gauss,exact,0.0,0.0,0.0
chain4096,e2m1,gauss,trunc16,0.0,0.0,0.0
chain4096,e2m1,gauss,trunc20,0.0,0.0,0.0
chain4096,e2m1,gauss,trunc24,0.0,0.0,0.0
chain4096,e2m1,gauss,trunc25,0.0,0.0,0.0
chain4096,e2m1,gauss,trunc26,0.0,0.0,0.0
chain4096,e2m1,gauss,trunc28,0.0,0.0,0.0
chain4096,e2m1,gauss,trunc32,0.0,0.0,0.0
chain4096,e2m1,t3,exact,0.0,0.0,0.0
chain4096,e2m1,t3,trunc16,0.0,0.0,0.0
chain4096,e2m1,t3,trunc20,0.0,0.0,0.0
chain4096,e2m1,t3,trunc24,0.0,0.0,0.0
chain4096,e2m1,t3,trunc25,0.0,0.0,0.0
chain4096,e2m1,t3,trunc26,0.0,0.0,0.0
chain4096,e2m1,t3,trunc28,0.0,0.0,0.0
chain4096,e2m1,t3,trunc32,0.0,0.0,0.0
chain4096,e2m1,outlier,exact,0.0,0.0,0.0
chain4096,e2m1,outlier,trunc16,0.0,0.0001951381045585444,0.00019885929696033478
chain4096,e2m1,outlier,trunc20,0.0,0.0,1.3333244445037033e-06
chain4096,e2m1,outlier,trunc24,0.0,0.0,0.0
chain4096,e2m1,outlier,trunc25,0.0,0.0,0.0
chain4096,e2m1,outlier,trunc26,0.0,0.0,0.0
chain4096,e2m1,outlier,trunc28,0.0,0.0,0.0
chain4096,e2m1,outlier,trunc32,0.0,0.0,0.0
chain4096,int8,gauss,exact,0.0,0.0,0.0
chain4096,int8,gauss,trunc16,0.00019781339551853115,0.005898849240885794,0.06293706293706294
chain4096,int8,gauss,trunc20,0.0,0.0,0.0
chain4096,int8,gauss,trunc24,0.0,0.0,0.0
chain4096,int8,gauss,trunc25,0.0,0.0,0.0
chain4096,int8,gauss,trunc26,0.0,0.0,0.0
chain4096,int8,gauss,trunc28,0.0,0.0,0.0
chain4096,int8,gauss,trunc32,0.0,0.0,0.0
chain4096,int8,t3,exact,0.0,0.0,0.0
chain4096,int8,t3,trunc16,0.00040098155630931926,0.009234917425008426,0.01549973276322822
chain4096,int8,t3,trunc20,1.5348878102665707e-06,9.327488107452663e-05,0.0002646202699126753
chain4096,int8,t3,trunc24,0.0,0.0,0.0
chain4096,int8,t3,trunc25,0.0,0.0,0.0
chain4096,int8,t3,trunc26,0.0,0.0,0.0
chain4096,int8,t3,trunc28,0.0,0.0,0.0
chain4096,int8,t3,trunc32,0.0,0.0,0.0
chain4096,int8,outlier,exact,0.0,4.9532946418280076e-08,6.086445419100762e-08
chain4096,int8,outlier,trunc16,0.0015323532811534271,0.048276310548605525,0.2049082992479219
chain4096,int8,outlier,trunc20,0.00010573235805662966,0.0025930532185561815,0.01702071513392268
chain4096,int8,outlier,trunc24,3.729391524432771e-06,0.00021134603035254145,0.0003078682323965343
chain4096,int8,outlier,trunc25,1.6064003326541088e-06,8.128693475097748e-05,0.0003078682323965343
chain4096,int8,outlier,trunc26,6.431729427952571e-07,1.6257386950195495e-05,0.00013194352816994325
chain4096,int8,outlier,trunc28,0.0,1.053292011517397e-06,1.968228849904836e-06
chain4096,int8,outlier,trunc32,0.0,4.9532946418280076e-08,6.086445419100762e-08
